MSR,Sigma_Score,Abs_Sigma_Score,metric_one_sigma,abs_metric_one_sigma,Direction
M2,6.06217782649107,6.06217782649107,6.06217782649107,6.06217782649107,Up
M1,3.09838667696593,3.09838667696593,3.09838667696593,3.09838667696593,Up
